{"cameraMode":{"drawMode":0,"name":"Shaded","section":"Shading Mode"},"sceneLighting":true,"audioPlay":false,"sceneViewState":{"m_AlwaysRefresh":false,"showFog":true,"showSkybox":true,"showFlares":true,"showImageEffects":true,"showParticleSystems":true,"showVisualEffectGraphs":true,"m_FxEnabled":true},"in2DMode":false,"pivot":{"x":-0.26709461212158205,"y":0.6733002662658691,"z":-0.027767151594161989},"rotation":{"x":-0.14163090288639069,"y":0.722493588924408,"z":-0.15536142885684968,"w":-0.6586410403251648},"size":1.908756971359253,"orthographic":false}