{"cameraMode":{"drawMode":0,"name":"Shaded","section":"Shading Mode"},"sceneLighting":true,"audioPlay":false,"sceneViewState":{"m_AlwaysRefresh":false,"showFog":true,"showSkybox":true,"showFlares":true,"showImageEffects":true,"showParticleSystems":true,"showVisualEffectGraphs":true,"m_FxEnabled":true},"in2DMode":false,"pivot":{"x":5.518610954284668,"y":2.5144338607788088,"z":-0.34149742126464846},"rotation":{"x":-0.27483636140823367,"y":-0.07576759904623032,"z":0.02172890305519104,"w":-0.9582610726356506},"size":6.9288105964660648,"orthographic":true}