{"cameraMode":{"drawMode":0,"name":"Shaded","section":"Shading Mode"},"sceneLighting":true,"audioPlay":false,"sceneViewState":{"m_AlwaysRefresh":false,"showFog":true,"showSkybox":true,"showFlares":true,"showImageEffects":true,"showParticleSystems":true,"showVisualEffectGraphs":true,"m_FxEnabled":true},"in2DMode":false,"pivot":{"x":0.555029571056366,"y":1.385343074798584,"z":-1.0176138877868653},"rotation":{"x":-0.30724769830703738,"y":0.09173649549484253,"z":-0.029776422306895257,"w":-0.9467381238937378},"size":143.3138885498047,"orthographic":true}