{"cameraMode":{"drawMode":0,"name":"Shaded","section":"Shading Mode"},"sceneLighting":true,"audioPlay":false,"sceneViewState":{"m_AlwaysRefresh":false,"showFog":true,"showSkybox":true,"showFlares":true,"showImageEffects":true,"showParticleSystems":true,"showVisualEffectGraphs":true,"m_FxEnabled":true},"in2DMode":false,"pivot":{"x":266.9131164550781,"y":138.51602172851563,"z":164.99351501464845},"rotation":{"x":-0.30724769830703738,"y":0.09173649549484253,"z":-0.029776422306895257,"w":-0.9467381238937378},"size":387.40643310546877,"orthographic":true}