{"cameraMode":{"drawMode":0,"name":"Shaded","section":"Shading Mode"},"sceneLighting":true,"audioPlay":false,"sceneViewState":{"m_AlwaysRefresh":false,"showFog":true,"showSkybox":true,"showFlares":true,"showImageEffects":true,"showParticleSystems":true,"showVisualEffectGraphs":true,"m_FxEnabled":true},"in2DMode":false,"pivot":{"x":-40.99861526489258,"y":-9.611618041992188,"z":-11.147562980651856},"rotation":{"x":-0.30724769830703738,"y":0.09173649549484253,"z":-0.029776422306895257,"w":-0.9467381238937378},"size":92.92756652832031,"orthographic":true}